date,team,rating
2021-01-12,CXK,1412.747406859219
2021-01-11,CXK,1436.235151047117
2021-01-10,CXK,1439.2630465176005
2021-01-09,CXK,1441.1348615362526
2021-01-08,CXK,1452.1847214851277
2021-01-07,CXK,1450.8107714812381
2021-01-06,CXK,1450.5159553804344
2021-01-05,CXK,1465.325460701413
2021-01-04,CXK,1451.2260310255808
2021-01-03,CXK,1475.5509135329028
2021-01-02,CXK,1494.124818961135
2021-01-01,CXK,1496.0437580712344
2020-12-31,CXK,1478.6675810063991
2020-12-30,CXK,1480.0964850195028
2020-12-29,CXK,1459.8484779164778
2020-12-28,CXK,1476.4712297284932
2020-12-27,CXK,1493.5275802598887
2020-12-26,CXK,1496.3596744964527
2020-12-25,CXK,1496.4761097038597
2020-12-24,CXK,1478.8086745160535
2020-12-23,CXK,1479.5546930708222
2020-12-22,CXK,1462.8022984435534
2020-12-21,CXK,1456.7162196517327
2020-12-20,CXK,1447.7479518703128
2020-12-19,CXK,1463.4694760551781
2020-12-18,CXK,1477.4033468709495
2020-12-17,CXK,1494.4139173381525
2020-12-16,CXK,1499.5485807191403
2020-12-15,CXK,1506.6823108782728
2020-12-14,CXK,1514.580049711664
2021-01-12,RHJ,1384.6321114040898
2021-01-11,RHJ,1393.405196102694
2021-01-10,RHJ,1380.4238847361237
2021-01-09,RHJ,1374.9571255413293
2021-01-08,RHJ,1354.0932813233776
2021-01-07,RHJ,1338.7059142663622
2021-01-06,RHJ,1351.2789216846234
2021-01-05,RHJ,1356.2755332176155
2021-01-04,RHJ,1359.5201585535715
2021-01-03,RHJ,1354.4751893093894
2021-01-02,RHJ,1370.6050850498195
2021-01-01,RHJ,1330.8051423733452
2020-12-31,RHJ,1339.7772892079852
2020-12-30,RHJ,1350.047553699179
2020-12-29,RHJ,1339.3694876035775
2020-12-28,RHJ,1352.6112122300117
2020-12-27,RHJ,1358.5077065266375
2020-12-26,RHJ,1352.8544745380275
2020-12-25,RHJ,1371.959463055273
2020-12-24,RHJ,1365.357999306536
2020-12-23,RHJ,1362.791828963425
2020-12-22,RHJ,1381.8997467331383
2020-12-21,RHJ,1374.181508043994
2020-12-20,RHJ,1384.793966551979
2020-12-19,RHJ,1380.887676307151
2020-12-18,RHJ,1398.1140002824666
2020-12-17,RHJ,1405.1285399712106
2020-12-16,RHJ,1412.7393221376974
2020-12-15,RHJ,1413.9750250681816
2020-12-14,RHJ,1403.6818496440196
2021-01-12,SVE,1581.7126316350525
2021-01-11,SVE,1574.440509593346
2021-01-10,SVE,1577.730793151137
2021-01-09,SVE,1565.0841845820619
2021-01-08,SVE,1576.6939600320404
2021-01-07,SVE,1612.9467603331857
2021-01-06,SVE,1629.7071987389197
2021-01-05,SVE,1594.724693208546
2021-01-04,SVE,1621.1651479235811
2021-01-03,SVE,1611.289391757804
2021-01-02,SVE,1608.0679843489966
2021-01-01,SVE,1590.7923198059273
2020-12-31,SVE,1589.52028924674
2020-12-30,SVE,1574.6821589101362
2020-12-29,SVE,1589.438093279528
2020-12-28,SVE,1569.5653149796306
2020-12-27,SVE,1560.674286507702
2020-12-26,SVE,1572.3671838186403
2020-12-25,SVE,1569.953164325907
2020-12-24,SVE,1545.3710694505105
2020-12-23,SVE,1542.266416959511
2020-12-22,SVE,1551.5696108694917
2020-12-21,SVE,1547.067009807704
2020-12-20,SVE,1543.6548780679561
2020-12-19,SVE,1547.2755122557537
2020-12-18,SVE,1547.8756331565548
2020-12-17,SVE,1545.0896591538587
2020-12-16,SVE,1539.7371859256903
2020-12-15,SVE,1560.7592884337469
2020-12-14,SVE,1569.7779770513791
2021-01-12,YVZ,1557.1837083919302
2021-01-11,YVZ,1546.3679546897206
2021-01-10,YVZ,1556.9427584892144
2021-01-09,YVZ,1551.318896576038
2021-01-08,YVZ,1569.6542942965364
2021-01-07,YVZ,1572.7613948492492
2021-01-06,YVZ,1591.9160578998271
2021-01-05,YVZ,1604.9394799719548
2021-01-04,YVZ,1619.0785395529883
2021-01-03,YVZ,1634.1851103926883
2021-01-02,YVZ,1629.5669094158377
2021-01-01,YVZ,1633.6279915819982
2020-12-31,YVZ,1627.2321136182875
2020-12-30,YVZ,1622.4981232206455
2020-12-29,YVZ,1609.3765502501294
2020-12-28,YVZ,1593.89839684799
2020-12-27,YVZ,1618.835934334066
2020-12-26,YVZ,1604.6657728961563
2020-12-25,YVZ,1615.826061204332
2020-12-24,YVZ,1627.985802990912
2020-12-23,YVZ,1644.4144596475423
2020-12-22,YVZ,1664.5861415606062
2020-12-21,YVZ,1653.0524669387257
2020-12-20,YVZ,1640.6785474456312
2020-12-19,YVZ,1652.0957011896262
2020-12-18,YVZ,1645.7432636989329
2020-12-17,YVZ,1611.7746834894267
2020-12-16,YVZ,1620.2256005593417
2020-12-15,YVZ,1636.3470328056774
2020-12-14,YVZ,1652.2558485120142
2021-01-12,IDQ,1688.390862009122
2021-01-11,IDQ,1679.7861392909826
2021-01-10,IDQ,1669.03740832188
2021-01-09,IDQ,1696.0664961662824
2021-01-08,IDQ,1687.0496656121366
2021-01-07,IDQ,1693.632784351786
2021-01-06,IDQ,1697.3084668552788
2021-01-05,IDQ,1706.6355934553108
2021-01-04,IDQ,1710.047319826608
2021-01-03,IDQ,1730.7944182113442
2021-01-02,IDQ,1748.6116308571075
2021-01-01,IDQ,1723.085656494525
2020-12-31,IDQ,1722.5969626795327
2020-12-30,IDQ,1733.901831147915
2020-12-29,IDQ,1722.172141223696
2020-12-28,IDQ,1716.593714194107
2020-12-27,IDQ,1718.2060208200562
2020-12-26,IDQ,1734.4873253490516
2020-12-25,IDQ,1736.9678312042684
2020-12-24,IDQ,1739.3371748990746
2020-12-23,IDQ,1740.0925357728797
2020-12-22,IDQ,1757.8468343082982
2020-12-21,IDQ,1762.7022916638978
2020-12-20,IDQ,1732.496368927481
2020-12-19,IDQ,1736.8433821592241
2020-12-18,IDQ,1736.7041170876457
2020-12-17,IDQ,1748.355794571708
2020-12-16,IDQ,1721.035231867224
2020-12-15,IDQ,1728.532442776622
2020-12-14,IDQ,1732.8609697005643
2021-01-12,ZLI,1455.2037598314744
2021-01-11,ZLI,1479.1360209170612
2021-01-10,ZLI,1499.8331568235035
2021-01-09,ZLI,1516.016474030868
2021-01-08,ZLI,1503.385068867116
2021-01-07,ZLI,1475.6815278168035
2021-01-06,ZLI,1476.1590216555478
2021-01-05,ZLI,1450.732123760455
2021-01-04,ZLI,1459.9748390531413
2021-01-03,ZLI,1448.883085814837
2021-01-02,ZLI,1424.8453421975348
2021-01-01,ZLI,1441.0904666323972
2020-12-31,ZLI,1437.8671439667792
2020-12-30,ZLI,1410.895383984988
2020-12-29,ZLI,1430.401193568306
2020-12-28,ZLI,1423.845054019332
2020-12-27,ZLI,1424.3990675670275
2020-12-26,ZLI,1421.6065540879556
2020-12-25,ZLI,1479.3433351579122
2020-12-24,ZLI,1512.7546330383682
2020-12-23,ZLI,1499.4802062802662
2020-12-22,ZLI,1508.4384263059417
2020-12-21,ZLI,1527.5888822703394
2020-12-20,ZLI,1523.6775877048287
2020-12-19,ZLI,1515.071154156204
2020-12-18,ZLI,1502.9479113745044
2020-12-17,ZLI,1527.1472303376815
2020-12-16,ZLI,1516.4935442370972
2020-12-15,ZLI,1510.7205994032001
2020-12-14,ZLI,1508.4027120960689
2021-01-12,ORM,1427.156665803367
2021-01-11,ORM,1412.327322409801
2021-01-10,ORM,1427.4725639460542
2021-01-09,ORM,1412.9772538530897
2021-01-08,ORM,1409.7714270379663
2021-01-07,ORM,1370.2980132785606
2021-01-06,ORM,1368.2535319075669
2021-01-05,ORM,1356.4630504642505
2021-01-04,ORM,1336.5244950810734
2021-01-03,ORM,1342.082765908075
2021-01-02,ORM,1322.650558820625
2021-01-01,ORM,1305.3063402297716
2020-12-31,ORM,1345.421106516593
2020-12-30,ORM,1333.0949639076716
2020-12-29,ORM,1361.7413862866206
2020-12-28,ORM,1363.2548712572968
2020-12-27,ORM,1335.6925564378917
2020-12-26,ORM,1327.0928155526121
2020-12-25,ORM,1330.118759085487
2020-12-24,ORM,1325.0955887935738
2020-12-23,ORM,1339.5875442673073
2020-12-22,ORM,1356.918010903255
2020-12-21,ORM,1362.3126303429108
2020-12-20,ORM,1361.5080276973226
2020-12-19,ORM,1357.6692613083405
2020-12-18,ORM,1386.6080031035701
2020-12-17,ORM,1386.458898754036
2020-12-16,ORM,1393.4739189488423
2020-12-15,ORM,1395.5764891631436
2020-12-14,ORM,1403.4178916121728
2021-01-12,CNQ,1583.6465866004212
2021-01-11,CNQ,1585.891017447913
2021-01-10,CNQ,1580.4935482810893
2021-01-09,CNQ,1598.459592588538
2021-01-08,CNQ,1598.4764924895503
2021-01-07,CNQ,1587.456247147737
2021-01-06,CNQ,1611.947698522124
2021-01-05,CNQ,1602.4836847710285
2021-01-04,CNQ,1606.7470215998285
2021-01-03,CNQ,1594.8453893187461
2021-01-02,CNQ,1627.4071767378523
2021-01-01,CNQ,1627.477432509842
2020-12-31,CNQ,1640.0011675491728
2020-12-30,CNQ,1634.9187921222915
2020-12-29,CNQ,1624.6150862904042
2020-12-28,CNQ,1624.3012266072187
2020-12-27,CNQ,1597.3266602104802
2020-12-26,CNQ,1600.2398061795868
2020-12-25,CNQ,1582.1292522138122
2020-12-24,CNQ,1589.4430820540217
2020-12-23,CNQ,1603.676232952629
2020-12-22,CNQ,1601.9438124021383
2020-12-21,CNQ,1607.6029396250938
2020-12-20,CNQ,1603.71656437191
2020-12-19,CNQ,1637.3953724512417
2020-12-18,CNQ,1607.9041966442499
2020-12-17,CNQ,1596.9856133919295
2020-12-16,CNQ,1642.2467246342337
2020-12-15,CNQ,1641.0992710578594
2020-12-14,CNQ,1653.7174339756762
2021-01-12,BAE,1481.3586307771259
2021-01-11,BAE,1476.4082793664609
2021-01-10,BAE,1481.7592759111426
2021-01-09,BAE,1502.29774859908
2021-01-08,BAE,1478.9878692460097
2021-01-07,BAE,1488.4910721522033
2021-01-06,BAE,1488.0621678192122
2021-01-05,BAE,1495.4051725905488
2021-01-04,BAE,1494.7267685996387
2021-01-03,BAE,1520.7022262392143
2021-01-02,BAE,1531.163362428521
2021-01-01,BAE,1547.760021328593
2020-12-31,BAE,1552.6428496817764
2020-12-30,BAE,1595.7484732522405
2020-12-29,BAE,1589.8124778767854
2020-12-28,BAE,1562.2251328787177
2020-12-27,BAE,1558.2214546517575
2020-12-26,BAE,1569.8054834951633
2020-12-25,BAE,1574.255247858532
2020-12-24,BAE,1573.4237463964444
2020-12-23,BAE,1573.0106538196815
2020-12-22,BAE,1584.5281823749567
2020-12-21,BAE,1590.666672682425
2020-12-20,BAE,1581.864131360608
2020-12-19,BAE,1578.7360929060228
2020-12-18,BAE,1601.4291243141672
2020-12-17,BAE,1565.3478187401533
2020-12-16,BAE,1564.7729156387763
2020-12-15,BAE,1553.4193794632304
2020-12-14,BAE,1542.6696678341216
2021-01-12,WVC,1295.9704490658007
2021-01-11,WVC,1302.8932293064165
2021-01-10,WVC,1276.307539686803
2021-01-09,WVC,1277.8598728580519
2021-01-08,WVC,1261.7139762691222
2021-01-07,WVC,1244.1622015579092
2021-01-06,WVC,1240.9837958638345
2021-01-05,WVC,1254.7156640044007
2021-01-04,WVC,1255.1734346592837
2021-01-03,WVC,1240.0766087382274
2021-01-02,WVC,1244.9799110669926
2021-01-01,WVC,1253.8280307959749
2020-12-31,WVC,1248.2592565950497
2020-12-30,WVC,1250.4222254476454
2020-12-29,WVC,1267.2078826649638
2020-12-28,WVC,1252.5153937479197
2020-12-27,WVC,1255.870953677926
2020-12-26,WVC,1234.4160666441198
2020-12-25,WVC,1230.6019870460486
2020-12-24,WVC,1224.8000620646033
2020-12-23,WVC,1217.1317133830817
2020-12-22,WVC,1209.5322185762552
2020-12-21,WVC,1186.338167852411
2020-12-20,WVC,1192.5686146181106
2020-12-19,WVC,1204.2901672426121
2020-12-18,WVC,1206.197899094551
2020-12-17,WVC,1238.0295849156769
2020-12-16,WVC,1230.6233351893031
2020-12-15,WVC,1248.2514180886399
2020-12-14,WVC,1257.6571069593833
2021-01-12,FNC,1691.4061538963122
2021-01-11,FNC,1711.054644482042
2021-01-10,FNC,1694.1069298500834
2021-01-09,FNC,1689.981022466076
2021-01-08,FNC,1697.8481237992373
2021-01-07,FNC,1699.1103961153597
2021-01-06,FNC,1687.8391099347214
2021-01-05,FNC,1698.5400973000253
2021-01-04,FNC,1715.4594816181202
2021-01-03,FNC,1703.7249885060346
2021-01-02,FNC,1683.4431760547443
2021-01-01,FNC,1693.0152510378657
2020-12-31,FNC,1703.7440019945157
2020-12-30,FNC,1694.8497398885845
2020-12-29,FNC,1690.3478767807999
2020-12-28,FNC,1644.0827982069245
2020-12-27,FNC,1667.6374648806184
2020-12-26,FNC,1665.7868141634858
2020-12-25,FNC,1672.8884151339578
2020-12-24,FNC,1707.40534240778
2020-12-23,FNC,1686.9988540906497
2020-12-22,FNC,1694.8794582265796
2020-12-21,FNC,1703.2156499930913
2020-12-20,FNC,1701.3672492099226
2020-12-19,FNC,1682.0281759582172
2020-12-18,FNC,1646.147388582374
2020-12-17,FNC,1671.68846244054
2020-12-16,FNC,1653.366954137122
2020-12-15,FNC,1677.267045490967
2020-12-14,FNC,1667.9756224889427
2021-01-12,SNV,1363.6087897138818
2021-01-11,SNV,1385.9973316523983
2021-01-10,SNV,1400.8474648339375
2021-01-09,SNV,1402.5021725259728
2021-01-08,SNV,1381.9644446869231
2021-01-07,SNV,1399.5658917752985
2021-01-06,SNV,1376.606964608108
2021-01-05,SNV,1368.209802396625
2021-01-04,SNV,1340.0209975320843
2021-01-03,SNV,1346.272148941929
2021-01-02,SNV,1338.0156932779578
2021-01-01,SNV,1299.081107083271
2020-12-31,SNV,1304.1907718831335
2020-12-30,SNV,1291.5118932372704
2020-12-29,SNV,1275.4426212601118
2020-12-28,SNV,1272.4786126673391
2020-12-27,SNV,1270.257885661258
2020-12-26,SNV,1285.4969033602015
2020-12-25,SNV,1284.6086087861383
2020-12-24,SNV,1280.950023365158
2020-12-23,SNV,1271.4139975330718
2020-12-22,SNV,1264.789545103917
2020-12-21,SNV,1272.5230228576215
2020-12-20,SNV,1264.014324084819
2020-12-19,SNV,1266.5895869653423
2020-12-18,SNV,1236.749307387858
2020-12-17,SNV,1223.991905440176
2020-12-16,SNV,1220.7574812485116
2020-12-15,SNV,1233.0442878002132
2020-12-14,SNV,1245.342984693687
2021-01-12,KMM,1288.555703829283
2021-01-11,KMM,1284.901694990005
2021-01-10,KMM,1281.171850404514
2021-01-09,KMM,1275.798955720532
2021-01-08,KMM,1295.6296763224539
2021-01-07,KMM,1292.4726322953084
2021-01-06,KMM,1283.4888476787771
2021-01-05,KMM,1282.1315901071116
2021-01-04,KMM,1270.1005132606565
2021-01-03,KMM,1259.5298537395552
2021-01-02,KMM,1232.3244494586802
2021-01-01,KMM,1209.1302702598496
2020-12-31,KMM,1221.0401026614834
2020-12-30,KMM,1216.1472484246221
2020-12-29,KMM,1213.4263999913442
2020-12-28,KMM,1231.8160510466812
2020-12-27,KMM,1216.992498938412
2020-12-26,KMM,1211.6612096212168
2020-12-25,KMM,1212.8725885394622
2020-12-24,KMM,1231.589695772495
2020-12-23,KMM,1222.5800991116037
2020-12-22,KMM,1198.1031829237145
2020-12-21,KMM,1196.6046006537806
2020-12-20,KMM,1183.9343282687398
2020-12-19,KMM,1176.8613505444348
2020-12-18,KMM,1175.6481418015337
2020-12-17,KMM,1169.834255189031
2020-12-16,KMM,1173.023569474399
2020-12-15,KMM,1142.5497635408965
2020-12-14,KMM,1127.0465408288048
2021-01-12,KOR,1456.3772539752838
2021-01-11,KOR,1470.2982330559978
2021-01-10,KOR,1499.700315388611
2021-01-09,KOR,1507.97368306734
2021-01-08,KOR,1539.0350989385736
2021-01-07,KOR,1554.0821782729633
2021-01-06,KOR,1559.3871339164953
2021-01-05,KOR,1580.7655014403545
2021-01-04,KOR,1583.900776366508
2021-01-03,KOR,1594.9833193655932
2021-01-02,KOR,1597.3656385937077
2021-01-01,KOR,1587.7135067074446
2020-12-31,KOR,1568.6935795707248
2020-12-30,KOR,1597.6422929735022
2020-12-29,KOR,1581.098868289061
2020-12-28,KOR,1544.6387028195243
2020-12-27,KOR,1543.7337964407195
2020-12-26,KOR,1520.6559753862173
2020-12-25,KOR,1531.5289742787222
2020-12-24,KOR,1533.3594333392464
2020-12-23,KOR,1527.7610519093782
2020-12-22,KOR,1540.1170807628278
2020-12-21,KOR,1531.7389815851516
2020-12-20,KOR,1543.5413231957991
2020-12-19,KOR,1545.7865986280265
2020-12-18,KOR,1575.1009666123125
2020-12-17,KOR,1567.2364895606613
2020-12-16,KOR,1591.0444086189548
2020-12-15,KOR,1585.0176025592957
2020-12-14,KOR,1576.7495343201485
2021-01-12,HXP,1441.6687657816756
2021-01-11,HXP,1427.500812163064
2021-01-10,HXP,1467.1548461417017
2021-01-09,HXP,1469.795713106535
2021-01-08,HXP,1468.0489967673952
2021-01-07,HXP,1484.2350593877334
2021-01-06,HXP,1501.906918196599
2021-01-05,HXP,1475.5558282916795
2021-01-04,HXP,1474.318918528683
2021-01-03,HXP,1505.3769213707608
2021-01-02,HXP,1508.961652461468
2021-01-01,HXP,1507.3333865780567
2020-12-31,HXP,1516.0997258110763
2020-12-30,HXP,1489.0341005934565
2020-12-29,HXP,1499.5198898626024
2020-12-28,HXP,1497.8833035320747
2020-12-27,HXP,1501.385173014253
2020-12-26,HXP,1514.289878548005
2020-12-25,HXP,1533.5935041169212
2020-12-24,HXP,1568.6611836828476
2020-12-23,HXP,1585.0999339910413
2020-12-22,HXP,1586.8068540088223
2020-12-21,HXP,1577.284376256482
2020-12-20,HXP,1607.8514615761776
2020-12-19,HXP,1614.2999283651313
2020-12-18,HXP,1635.9634380573962
2020-12-17,HXP,1633.9302743591738
2020-12-16,HXP,1641.9435578499156
2020-12-15,HXP,1648.1302418588245
2020-12-14,HXP,1674.6491658808084
2021-01-12,DKR,1702.1041619830603
2021-01-11,DKR,1674.3588061486462
2021-01-10,DKR,1679.3065220917501
2021-01-09,DKR,1677.1081857549586
2021-01-08,DKR,1665.3498659665663
2021-01-07,DKR,1643.1092989124893
2021-01-06,DKR,1636.3590159639903
2021-01-05,DKR,1631.7985220341038
2021-01-04,DKR,1604.6282855128825
2021-01-03,DKR,1610.6087068270717
2021-01-02,DKR,1619.5708041071596
2021-01-01,DKR,1628.2378273332522
2020-12-31,DKR,1605.890830896803
2020-12-30,DKR,1597.8819415016826
2020-12-29,DKR,1628.4536891928863
2020-12-28,DKR,1628.9826541815814
2020-12-27,DKR,1654.5642699950292
2020-12-26,DKR,1628.1775830818258
2020-12-25,DKR,1611.4720263166746
2020-12-24,DKR,1580.7667871408319
2020-12-23,DKR,1561.9101513897792
2020-12-22,DKR,1554.322167941078
2020-12-21,DKR,1563.3209690380277
2020-12-20,DKR,1557.877374132769
2020-12-19,DKR,1556.688528920541
2020-12-18,DKR,1554.698038375986
2020-12-17,DKR,1566.681579923578
2020-12-16,DKR,1550.833830948644
2020-12-15,DKR,1549.9910090218495
2020-12-14,DKR,1567.9799645723945
2021-01-12,LRC,1562.497516981708
2021-01-11,LRC,1547.679944868471
2021-01-10,LRC,1556.8601209630933
2021-01-09,LRC,1537.253299164267
2021-01-08,LRC,1547.7544571650865
2021-01-07,LRC,1553.5688911362315
2021-01-06,LRC,1587.3526196274554
2021-01-05,LRC,1588.979034778041
2021-01-04,LRC,1607.9020401812068
2021-01-03,LRC,1605.9755344631074
2021-01-02,LRC,1596.7619489658605
2021-01-01,LRC,1619.7001294112413
2020-12-31,LRC,1630.722083522567
2020-12-30,LRC,1628.3795295916073
2020-12-29,LRC,1622.924735627964
2020-12-28,LRC,1607.7139805000727
2020-12-27,LRC,1626.6907269294272
2020-12-26,LRC,1647.1695745176153
2020-12-25,LRC,1618.9936561829759
2020-12-24,LRC,1590.396037738255
2020-12-23,LRC,1574.5107360247166
2020-12-22,LRC,1581.237037749143
2020-12-21,LRC,1589.6932109639858
2020-12-20,LRC,1592.3009811160916
2020-12-19,LRC,1596.5724169152813
2020-12-18,LRC,1593.04866964929
2020-12-17,LRC,1550.8330223137232
2020-12-16,LRC,1537.5969426545746
2020-12-15,LRC,1546.0549427123133
2020-12-14,LRC,1566.1612252038567
2021-01-12,OHW,1653.1774986638927
2021-01-11,OHW,1631.8861089675815
2021-01-10,OHW,1648.173104381983
2021-01-09,OHW,1650.9917484020561
2021-01-08,OHW,1646.9890037822036
2021-01-07,OHW,1650.4208179392485
2021-01-06,OHW,1647.3156346459632
2021-01-05,OHW,1666.4330128912472
2021-01-04,OHW,1665.7652591097458
2021-01-03,OHW,1670.7936662927855
2021-01-02,OHW,1638.5426715344863
2021-01-01,OHW,1672.1879523868383
2020-12-31,OHW,1662.9807163569008
2020-12-30,OHW,1662.180279600939
2020-12-29,OHW,1670.1640752591402
2020-12-28,OHW,1672.7785460511418
2020-12-27,OHW,1651.8292807818138
2020-12-26,OHW,1646.602513563675
2020-12-25,OHW,1646.3300600018122
2020-12-24,OHW,1649.6338824614697
2020-12-23,OHW,1622.0432566308525
2020-12-22,OHW,1611.2646208846375
2020-12-21,OHW,1595.8802570485245
2020-12-20,OHW,1584.1702486185725
2020-12-19,OHW,1580.1888753458243
2020-12-18,OHW,1580.4120122246559
2020-12-17,OHW,1590.1462513513688
2020-12-16,OHW,1585.3613887639528
2020-12-15,OHW,1597.1323333630774
2020-12-14,OHW,1611.9623327473057
2021-01-12,EFS,1414.6172618231815
2021-01-11,EFS,1446.1536967838178
2021-01-10,EFS,1427.869802182197
2021-01-09,EFS,1429.7464191286435
2021-01-08,EFS,1411.2738852576529
2021-01-07,EFS,1403.6405477074366
2021-01-06,EFS,1393.3179249191546
2021-01-05,EFS,1390.1030885172033
2021-01-04,EFS,1406.8692826009858
2021-01-03,EFS,1406.8955115349193
2021-01-02,EFS,1391.3850622356438
2021-01-01,EFS,1388.3222208014122
2020-12-31,EFS,1404.6425146039605
2020-12-30,EFS,1398.592980432443
2020-12-29,EFS,1386.847419607926
2020-12-28,EFS,1380.5258959723162
2020-12-27,EFS,1385.6712099273789
2020-12-26,EFS,1398.2327692353226
2020-12-25,EFS,1400.729671794155
2020-12-24,EFS,1397.2761972767628
2020-12-23,EFS,1384.0320419806847
2020-12-22,EFS,1397.5866357929958
2020-12-21,EFS,1386.7459661286473
2020-12-20,EFS,1383.0132260751009
2020-12-19,EFS,1385.507479123404
2020-12-18,EFS,1394.8232189604744
2020-12-17,EFS,1377.5361514823655
2020-12-16,EFS,1384.2310045988952
2020-12-15,EFS,1377.6045982847024
2020-12-14,EFS,1367.0433112326893
2021-01-12,QQD,1421.3342467245195
2021-01-11,QQD,1437.6960038645527
2021-01-10,QQD,1422.5725446868769
2021-01-09,QQD,1409.4113105092824
2021-01-08,QQD,1432.7733966403957
2021-01-07,QQD,1450.337792856848
2021-01-06,QQD,1429.4115185389894
2021-01-05,QQD,1431.7556398987906
2021-01-04,QQD,1431.5319287201337
2021-01-03,QQD,1413.6098366915787
2021-01-02,QQD,1423.3850958134835
2021-01-01,QQD,1401.4475041737885
2020-12-31,QQD,1405.3409479381291
2020-12-30,QQD,1418.5599259415008
2020-12-29,QQD,1386.4918457878011
2020-12-28,QQD,1417.4273366244033
2020-12-27,QQD,1416.4036557302268
2020-12-26,QQD,1438.895685919254
2020-12-25,QQD,1429.8724090898004
2020-12-24,QQD,1398.6590337501123
2020-12-23,QQD,1409.6149420600036
2020-12-22,QQD,1397.4862556496555
2020-12-21,QQD,1410.688601603005
2020-12-20,QQD,1417.357514820876
2020-12-19,QQD,1424.101150053556
2020-12-18,QQD,1431.8528150394861
2020-12-17,QQD,1438.335930104529
2020-12-16,QQD,1445.2681371736526
2020-12-15,QQD,1457.648448496658
2020-12-14,QQD,1463.2064831899343
2021-01-12,NPV,1609.347304373915
2021-01-11,NPV,1594.3777573846235
2021-01-10,NPV,1558.8710114721166
2021-01-09,NPV,1561.27230273219
2021-01-08,NPV,1548.560964418635
2021-01-07,NPV,1551.7236995917458
2021-01-06,NPV,1555.7786225443551
2021-01-05,NPV,1576.2599922541508
2021-01-04,NPV,1564.7812506339035
2021-01-03,NPV,1562.8475902366743
2021-01-02,NPV,1522.0074440242556
2021-01-01,NPV,1527.8415349599657
2020-12-31,NPV,1530.6701068393288
2020-12-30,NPV,1555.8033507929676
2020-12-29,NPV,1547.4007382644297
2020-12-28,NPV,1559.9537928977566
2020-12-27,NPV,1556.1483644803725
2020-12-26,NPV,1549.5039366309218
2020-12-25,NPV,1533.6724866912073
2020-12-24,NPV,1503.2402906001712
2020-12-23,NPV,1511.101294429018
2020-12-22,NPV,1508.6414864586839
2020-12-21,NPV,1505.824613942115
2020-12-20,NPV,1502.735903199318
2020-12-19,NPV,1509.3045636513434
2020-12-18,NPV,1500.6499115192657
2020-12-17,NPV,1515.7352041029687
2020-12-16,NPV,1498.706382217078
2020-12-15,NPV,1491.2107240033679
2020-12-14,NPV,1471.700328727915
2021-01-12,PSB,1696.1226452089104
2021-01-11,PSB,1698.5590618393023
2021-01-10,PSB,1676.0683554451814
2021-01-09,PSB,1703.9742164076574
2021-01-08,PSB,1694.5880380960975
2021-01-07,PSB,1705.3890548784686
2021-01-06,PSB,1689.9521940663676
2021-01-05,PSB,1676.1984940146522
2021-01-04,PSB,1679.599242754503
2021-01-03,PSB,1676.4986276667235
2021-01-02,PSB,1651.870347969553
2021-01-01,PSB,1642.0344638534978
2020-12-31,PSB,1641.914214463123
2020-12-30,PSB,1642.1810973622103
2020-12-29,PSB,1638.708701877683
2020-12-28,PSB,1656.8475269855578
2020-12-27,PSB,1651.8788179222981
2020-12-26,PSB,1643.9482062311388
2020-12-25,PSB,1627.5136812366788
2020-12-24,PSB,1629.0524128924394
2020-12-23,PSB,1632.099365580107
2020-12-22,PSB,1655.8236429198373
2020-12-21,PSB,1649.4243535392452
2020-12-20,PSB,1672.1980775241066
2020-12-19,PSB,1681.89067474019
2020-12-18,PSB,1677.4284337916176
2020-12-17,PSB,1654.4454616993887
2020-12-16,PSB,1658.3118081752982
2020-12-15,PSB,1653.2659489202024
2020-12-14,PSB,1626.094223840904
2021-01-12,YDJ,1566.8912828019866
2021-01-11,YDJ,1564.7660289498
2021-01-10,YDJ,1591.5727396922998
2021-01-09,YDJ,1577.8508239034156
2021-01-08,YDJ,1577.4848963929928
2021-01-07,YDJ,1578.4393114645452
2021-01-06,YDJ,1583.1467446371541
2021-01-05,YDJ,1588.0089701954164
2021-01-04,YDJ,1585.144152280432
2021-01-03,YDJ,1578.3450573465864
2021-01-02,YDJ,1589.1108060170318
2021-01-01,YDJ,1607.0492667678498
2020-12-31,YDJ,1611.854516719052
2020-12-30,YDJ,1626.3509279965388
2020-12-29,YDJ,1629.5973957054387
2020-12-28,YDJ,1643.0696691462304
2020-12-27,YDJ,1635.6949739106417
2020-12-26,YDJ,1634.0436053359615
2020-12-25,YDJ,1666.6918362836714
2020-12-24,YDJ,1654.8778011572965
2020-12-23,YDJ,1637.3259516542635
2020-12-22,YDJ,1628.8787602863247
2020-12-21,YDJ,1595.2442946236163
2020-12-20,YDJ,1600.8423268847887
2020-12-19,YDJ,1622.1527895833956
2020-12-18,YDJ,1646.4472281917979
2020-12-17,YDJ,1640.3482462840655
2020-12-16,YDJ,1617.4052040280249
2020-12-15,YDJ,1628.6239195495166
2020-12-14,YDJ,1637.3615690393967
2021-01-12,FTF,1506.083166232879
2021-01-11,FTF,1513.4453741919176
2021-01-10,FTF,1518.8048647991848
2021-01-09,FTF,1513.7667578354572
2021-01-08,FTF,1512.5091421645034
2021-01-07,FTF,1519.326504785361
2021-01-06,FTF,1507.515667800997
2021-01-05,FTF,1522.4939085511269
2021-01-04,FTF,1532.7104168236904
2021-01-03,FTF,1526.0451976875663
2021-01-02,FTF,1530.8877606938177
2021-01-01,FTF,1564.4817986298256
2020-12-31,FTF,1565.3758987870801
2020-12-30,FTF,1546.2360048546423
2020-12-29,FTF,1544.914810591832
2020-12-28,FTF,1570.709092882646
2020-12-27,FTF,1577.4156855111228
2020-12-26,FTF,1581.4622065622377
2020-12-25,FTF,1567.1104941506344
2020-12-24,FTF,1565.1106882685215
2020-12-23,FTF,1555.9276485298356
2020-12-22,FTF,1553.3587507754057
2020-12-21,FTF,1549.9837656544225
2020-12-20,FTF,1542.3214230987646
2020-12-19,FTF,1516.9300408210156
2020-12-18,FTF,1518.9775637802195
2020-12-17,FTF,1530.555746199732
2020-12-16,FTF,1519.8018404803695
2020-12-15,FTF,1524.797456033114
2020-12-14,FTF,1509.1713372524823
2021-01-12,CGY,1755.61478694533
2021-01-11,CGY,1754.625966330244
2021-01-10,CGY,1773.284891358899
2021-01-09,CGY,1772.3370049242599
2021-01-08,CGY,1784.475245303942
2021-01-07,CGY,1785.8796843966688
2021-01-06,CGY,1783.894717020482
2021-01-05,CGY,1783.2669482846902
2021-01-04,CGY,1791.889475196534
2021-01-03,CGY,1804.7697930229924
2021-01-02,CGY,1777.433118902535
2021-01-01,CGY,1774.7929638068413
2020-12-31,CGY,1768.8725780553607
2020-12-30,CGY,1790.127259876342
2020-12-29,CGY,1796.412847472332
2020-12-28,CGY,1786.7908214577262
2020-12-27,CGY,1785.9479732090624
2020-12-26,CGY,1797.2700750401798
2020-12-25,CGY,1814.1898412549863
2020-12-24,CGY,1825.066230275827
2020-12-23,CGY,1820.3920109632998
2020-12-22,CGY,1823.0863201610207
2020-12-21,CGY,1822.6796793836343
2020-12-20,CGY,1831.7732928895252
2020-12-19,CGY,1844.9207494509171
2020-12-18,CGY,1850.9825852361887
2020-12-17,CGY,1859.1397923184632
2020-12-16,CGY,1846.0532765449393
2020-12-15,CGY,1841.7844129902908
2020-12-14,CGY,1856.6319460675284
2021-01-12,TAI,1501.9460426261442
2021-01-11,TAI,1513.3087724709017
2021-01-10,TAI,1526.4435885992675
2021-01-09,TAI,1535.5079727347988
2021-01-08,TAI,1526.9036264535698
2021-01-07,TAI,1504.9171569931787
2021-01-06,TAI,1492.1366844317033
2021-01-05,TAI,1491.8025511280525
2021-01-04,TAI,1497.1920166598782
2021-01-03,TAI,1498.4049812929723
2021-01-02,TAI,1500.8633824754306
2021-01-01,TAI,1481.3621472205866
2020-12-31,TAI,1461.9205125538147
2020-12-30,TAI,1451.7899538402764
2020-12-29,TAI,1490.7684898809907
2020-12-28,TAI,1498.4547299590538
2020-12-27,TAI,1491.5430752012294
2020-12-26,TAI,1511.8328311769953
2020-12-25,TAI,1500.7987167097972
2020-12-24,TAI,1499.9954088010827
2020-12-23,TAI,1519.7382152844948
2020-12-22,TAI,1529.7366256846906
2020-12-21,TAI,1537.353819423881
2020-12-20,TAI,1511.7555391774627
2020-12-19,TAI,1492.531966280248
2020-12-18,TAI,1465.6974920156024
2020-12-17,TAI,1454.36566270768
2020-12-16,TAI,1491.866990360114
2020-12-15,TAI,1485.6113097691718
2020-12-14,TAI,1501.025621337304
2021-01-12,INK,1787.5861914917691
2021-01-11,INK,1790.3871619229515
2021-01-10,INK,1786.1497378756546
2021-01-09,INK,1782.9511409962909
2021-01-08,INK,1773.8291298300196
2021-01-07,INK,1765.7894623164066
2021-01-06,INK,1782.5779471518179
2021-01-05,INK,1781.8097450430457
2021-01-04,INK,1770.310377613198
2021-01-03,INK,1762.0999807773144
2021-01-02,INK,1758.6159185220827
2021-01-01,INK,1761.158500709835
2020-12-31,INK,1762.5212395523224
2020-12-30,INK,1755.6889855742693
2020-12-29,INK,1765.7171625795029
2020-12-28,INK,1773.8190129738468
2020-12-27,INK,1751.7569728008752
2020-12-26,INK,1746.38317506781
2020-12-25,INK,1744.6066318031544
2020-12-24,INK,1734.7160582761082
2020-12-23,INK,1718.377410790742
2020-12-22,INK,1716.292273474616
2020-12-21,INK,1733.1162075845282
2020-12-20,INK,1717.8159493393416
2020-12-19,INK,1723.6129342462555
2020-12-18,INK,1709.7779305257538
2020-12-17,INK,1717.9184723008636
2020-12-16,INK,1736.8484732062502
2020-12-15,INK,1721.669638062082
2020-12-14,INK,1708.7266557965556
2021-01-12,YCH,1431.1475468308392
2021-01-11,YCH,1433.553431339998
2021-01-10,YCH,1429.948454194379
2021-01-09,YCH,1423.9644281260494
2021-01-08,YCH,1415.3508661349183
2021-01-07,YCH,1411.5875445863126
2021-01-06,YCH,1388.2350582092063
2021-01-05,YCH,1370.458119229757
2021-01-04,YCH,1371.6562391526525
2021-01-03,YCH,1344.4289463512102
2021-01-02,YCH,1341.7521760101504
2021-01-01,YCH,1340.6570934154786
2020-12-31,YCH,1346.3766243544378
2020-12-30,YCH,1352.6372818811965
2020-12-29,YCH,1334.5439342134102
2020-12-28,YCH,1350.8347442094296
2020-12-27,YCH,1342.8272104349364
2020-12-26,YCH,1322.81716913556
2020-12-25,YCH,1332.956825572849
2020-12-24,YCH,1318.4476163614206
2020-12-23,YCH,1315.8168297707707
2020-12-22,YCH,1298.5501827452142
2020-12-21,YCH,1315.8390317771925
2020-12-20,YCH,1297.2993300183218
2020-12-19,YCH,1301.7686656211874
2020-12-18,YCH,1276.3657523451193
2020-12-17,YCH,1295.0156520792707
2020-12-16,YCH,1271.8417846571938
2020-12-15,YCH,1242.0748880112124
2020-12-14,YCH,1215.8390213333269
2021-01-12,CTA,1674.6211044518268
2021-01-11,CTA,1650.4757561939155
2021-01-10,CTA,1620.7668866759063
2021-01-09,CTA,1600.9561548802883
2021-01-08,CTA,1588.2024585424508
2021-01-07,CTA,1580.2126970534289
2021-01-06,CTA,1571.5071655476672
2021-01-05,CTA,1574.5737277819258
2021-01-04,CTA,1544.0641271718937
2021-01-03,CTA,1543.64403383341
2021-01-02,CTA,1544.6789437905886
2021-01-01,CTA,1561.9411047898184
2020-12-31,CTA,1547.9272710712219
2020-12-30,CTA,1559.4743129524045
2020-12-29,CTA,1555.1348402776805
2020-12-28,CTA,1542.1840701613576
2020-12-27,CTA,1538.5021259878345
2020-12-26,CTA,1506.0150882439157
2020-12-25,CTA,1517.725520019941
2020-12-24,CTA,1528.7481151966765
2020-12-23,CTA,1523.652856077018
2020-12-22,CTA,1510.929322482463
2020-12-21,CTA,1517.4545498438727
2020-12-20,CTA,1540.5238733777317
2020-12-19,CTA,1550.59093363331
2020-12-18,CTA,1546.3516684818533
2020-12-17,CTA,1533.189293853641
2020-12-16,CTA,1533.0329479117092
2020-12-15,CTA,1535.875376744883
2020-12-14,CTA,1537.4386954801937
2021-01-12,QVZ,1471.2297527485246
2021-01-11,QVZ,1463.192414495332
2021-01-10,QVZ,1484.0992123965739
2021-01-09,QVZ,1484.1471488322636
2021-01-08,QVZ,1507.2098207703789
2021-01-07,QVZ,1511.8847719651005
2021-01-06,QVZ,1504.38940234442
2021-01-05,QVZ,1479.0290024955368
2021-01-04,QVZ,1483.3688059360838
2021-01-03,QVZ,1503.3997434061334
2021-01-02,QVZ,1496.0947847150992
2021-01-01,QVZ,1502.653210142479
2020-12-31,QVZ,1501.9261615402027
2020-12-30,QVZ,1501.320904106138
2020-12-29,QVZ,1502.5711480940986
2020-12-28,QVZ,1490.858146776726
2020-12-27,QVZ,1455.0298648734415
2020-12-26,QVZ,1452.031904086051
2020-12-25,QVZ,1463.4104130928954
2020-12-24,QVZ,1474.6689855267136
2020-12-23,QVZ,1491.8654061904135
2020-12-22,QVZ,1491.1637415478722
2020-12-21,QVZ,1484.4715815462373
2020-12-20,QVZ,1479.5792361579054
2020-12-19,QVZ,1485.384920908365
2020-12-18,QVZ,1492.8877166108728
2020-12-17,QVZ,1471.6011987587694
2020-12-16,QVZ,1469.145253613146
2020-12-15,QVZ,1469.364236682028
2020-12-14,QVZ,1491.4127273251152
